gene_id	baseMean	log2FoldChange	lfcSE	pvalue	padj
cfa-miR-429	13.38141	-1.023355	0.35682964	0.0002857737	0.004541676
cfa-miR-365	43.24732	-0.06329511	0.28409735	0.7986051	0.9104098
cfa-miR-449a	0.5446374	-0.05858493	0.53332941	0.7863601	NA
cfa-miR-450a	41.80115	-0.3651196	0.2747586	0.1318662	0.2880177
cfa-miR-33a	0.9296913	0.3179927	0.48597154	0.2367335	NA
cfa-let-7a	37113.52	0.280505	0.19228755	0.122276	0.2722551
cfa-miR-26a	4372.294	-0.1362467	0.27895587	0.5780358	0.7802713
cfa-miR-1835	4.441791	-0.5627668	0.33777948	0.04092339	0.1310468
cfa-miR-32	8.993118	0.4514202	0.30015047	0.07934881	0.2037334
cfa-miR-204	1.200987	-0.1297088	0.49065939	0.6246305	0.8128753
cfa-miR-31	36.61993	0.3325632	0.30964567	0.2049134	0.3867571
cfa-miR-101	0.411	0.01987667	0.55038894	0.9137283	NA
cfa-miR-371	3.134051	-0.7324156	0.39233458	0.01161982	0.05101244
cfa-miR-491	0.1763998	0.02428118	0.58222804	0.8048984	NA
cfa-miR-150	287.4117	0.2632731	0.3106905	0.3165801	0.5126439
cfa-miR-455	0.3416244	-0.09538246	0.56266793	0.5387794	NA
cfa-miR-30a	1393.257	0.5274137	0.1760587	0.001675317	0.01451708
cfa-miR-30c	140.9159	0.7905959	0.23900681	0.0002868427	0.004541676
cfa-miR-206	322.3801	0.09438986	0.42514648	0.7455585	0.8853507
cfa-miR-99b	32.41192	-0.1559274	0.2940233	0.5390905	0.7531411
cfa-let-7e	193.8259	-0.134557	0.2239188	0.5151351	0.7232193
cfa-miR-125a	149.0597	0.5185611	0.26713051	0.02895381	0.1037986
cfa-let-7f	10252.4	0.3865364	0.24726675	0.08429893	0.2119802
cfa-miR-23b	54.66974	-0.3449394	0.27157268	0.1511494	0.3137576
cfa-miR-27b	386.2204	-0.3209492	0.22497968	0.1220055	0.2722551
cfa-miR-24	9375.725	-0.4424194	0.22258831	0.03150684	0.1108574
cfa-miR-151	6962.16	-0.5422265	0.30786172	0.03806176	0.1244778
cfa-miR-30d	11346.82	0.3400388	0.17775136	0.04457028	0.1365863
cfa-miR-30b	39.85358	0.2284247	0.1761372	0.1736838	0.3390402
cfa-miR-1836	3.555114	0.343555	0.35000211	0.2196394	0.4038532
cfa-miR-122	18359.54	-0.8260306	0.4199157	0.004628312	0.02850426
cfa-miR-196b	10.82304	-0.3867839	0.35036989	0.1671851	0.3308871
cfa-miR-183	3.252679	-0.4901489	0.40083139	0.09218147	0.2276716
cfa-miR-148a	11.69057	0.6038049	0.25272326	0.008015709	0.04393225
cfa-miR-129	177.9538	-0.360986	0.27291226	0.1344083	0.2880177
cfa-miR-335	28.79859	-0.572681	0.2345583	0.007652446	0.04276367
cfa-miR-29b	122.2744	0.4961998	0.20447952	0.009559965	0.04629489
cfa-miR-29a	2001.342	0.04200403	0.16240709	0.7876995	0.9071911
cfa-miR-30e	844.1224	-0.04241243	0.11339549	0.7029748	0.8579656
cfa-miR-135a-5p	1.659798	-0.4985518	0.51698182	0.04193909	0.1328071
cfa-miR-135a-3p	3.944839	0.08866015	0.39936595	0.7605451	0.8919974
cfa-miR-383	1.529981	-0.1955454	0.45239011	0.4931694	0.6992701
cfa-miR-486	158856.1	0.3870757	0.18402593	0.02663918	0.09920975
cfa-miR-486-3p	159848.3	0.3864137	0.18365261	0.02662484	0.09920975
cfa-miR-1837	0.08046057	-0.02667916	0.5843122	0.777336	NA
cfa-miR-130a	199.0824	-0.9533753	0.22162582	3.295752e-06	0.0001565482
cfa-miR-192	73.33882	-0.6417442	0.26508972	0.006562055	0.0389622
cfa-miR-128	858.318	0.7075999	0.17472378	2.185088e-05	0.0007784377
cfa-miR-7	522.9512	0.6854108	0.19628783	0.000208469	0.003960911
cfa-miR-181c	15.18794	-0.2314517	0.31392014	0.3815538	0.5779368
cfa-miR-181d	104.1691	-0.7291265	0.24653902	0.001099035	0.01204711
cfa-let-7g	122270.8	0.4642864	0.14401	0.0008774111	0.01087227
cfa-miR-191	49695.52	0.2198228	0.16351166	0.1613254	0.3217937
cfa-miR-425	425.5459	0.6231162	0.31768279	0.01931184	0.07751936
cfa-miR-23a	67.88451	-0.2208846	0.24051468	0.313349	0.5119363
cfa-miR-27a	73.94247	-0.2797876	0.21498051	0.1614614	0.3217937
cfa-miR-199	233.3957	-0.6026201	0.28306213	0.01487464	0.06143872
cfa-miR-708	0.8462478	0.1113376	0.52874598	0.6183031	NA
cfa-miR-1838	79.5449	-0.5884726	0.21307158	0.003004854	0.02195855
cfa-miR-139	7.815514	-0.05003464	0.37740791	0.8618977	0.9420943
cfa-miR-138b	4.968247	0.03403193	0.30448919	0.8957177	0.9525356
cfa-miR-15a	1243.342	0.627399	0.16697522	8.787835e-05	0.002087111
cfa-miR-16	333428.7	0.3957482	0.14069804	0.003749955	0.02590874
cfa-miR-17	85.95839	0.4562381	0.26088342	0.05050666	0.1499416
cfa-miR-19a	7.430094	0.702566	0.32274113	0.00894313	0.04609982
cfa-miR-20a	3195.515	0.4662914	0.13055287	0.0002475466	0.004409425
cfa-miR-19b	5.63086	0.9521431	0.3514902	0.0006833232	0.009273672
cfa-miR-92a	2077.806	0.5040381	0.21302875	0.01102449	0.04987268
cfa-miR-138a	7.938857	-0.7077832	0.28773765	0.004675787	0.02850426
cfa-miR-499	453.8772	0.3974367	0.16416944	0.01163442	0.05101244
cfa-miR-1	75.02563	0.6908113	0.32515672	0.01047049	0.04813048
cfa-miR-124	1.237189	0.3587201	0.506364	0.1547959	0.3151202
cfa-miR-320	5768.051	-0.7587905	0.19962767	5.214612e-05	0.001486164
cfa-miR-130b	336.1501	-0.3386397	0.19479078	0.06510547	0.178719
cfa-miR-185	1572.03	-0.006253048	0.16147604	0.9678526	0.9746925
cfa-miR-1306	726.2031	0.1603682	0.1874121	0.3661621	0.5671533
cfa-miR-196a	7.28064	0.0417178	0.47113119	0.8805044	0.9469576
cfa-miR-148b	5.235072	0.227945	0.307895	0.3832633	0.5779368
cfa-miR-200c	92.05521	-1.028532	0.28741427	3.879238e-05	0.001228425
cfa-miR-1307	206.8832	0.03240939	0.13337461	0.8028826	0.9116396
cfa-miR-107	1793.009	-0.1058037	0.19484036	0.564499	0.7734721
cfa-miR-146b	0.4059625	-0.1205782	0.5563553	0.4820298	NA
cfa-miR-99a	124.1849	0.5191063	0.28320993	0.03598159	0.1206442
cfa-let-7c	2432.768	0.3215645	0.18067255	0.06120303	0.1727016
cfa-miR-125b	174.2065	0.5276692	0.23455048	0.01399204	0.05951839
cfa-miR-155	660.9562	-0.04445086	0.2037992	0.8159125	0.9119022
cfa-miR-218	1.491976	0.1332374	0.45001088	0.6414069	0.8189249
cfa-miR-574	38.26996	-0.7108404	0.25554916	0.001968062	0.01649699
cfa-miR-9	2.780205	0.4229652	0.48044095	0.12083	0.2722551
cfa-miR-28	896.7019	-0.5435646	0.29365385	0.03212424	0.1116513
cfa-miR-15b	4204.391	0.6481575	0.17786606	0.00012991	0.002644597
cfa-miR-1839	39.65743	0.3245729	0.16189947	0.03689693	0.1222747
cfa-miR-26b	25913.55	0.02589259	0.18823288	0.8844394	0.9476137
cfa-miR-1840	4.034173	0.3032552	0.33557305	0.2690653	0.457748
cfa-miR-664	6.427659	-0.1537057	0.36739816	0.5899724	0.7835442
cfa-miR-194	50.37345	-0.4205517	0.26750079	0.07680951	0.1990065
cfa-miR-143	6075.501	0.909423	0.38689758	0.001680925	0.01451708
cfa-miR-378	159.3632	0.01527781	0.25269026	0.9465074	0.9599808
cfa-miR-146a	19.12076	-0.2442545	0.29219116	0.3339985	0.5288309
cfa-miR-1271	4.700983	0.6917729	0.34385636	0.01272049	0.05492937
cfa-miR-1841	9.908304	0.001309592	0.27828138	0.9957267	0.9957267
cfa-miR-103	2550.465	0.1134943	0.1831697	0.5139636	0.7232193
cfa-miR-328	1.454678	-0.04579283	0.45109335	0.8726769	0.9420943
cfa-miR-140	105.0879	0.4243651	0.16940051	0.008841683	0.04609982
cfa-miR-34a	111.3558	-0.2641403	0.23933776	0.2261346	0.4131306
cfa-miR-497	14.32348	-0.2723942	0.28921407	0.2780111	0.4660775
cfa-miR-195	67.26792	0.07674811	0.1755257	0.64657	0.8189887
cfa-miR-34c	0.4261645	-0.1812116	0.53388578	0.4015378	NA
cfa-miR-186	96.84939	0.5303934	0.16781795	0.0009658489	0.01127007
cfa-miR-106b	165.8768	0.2653257	0.1424752	0.05479239	0.160988
cfa-miR-93	55941.59	0.5870815	0.15195136	6.280468e-05	0.001627212
cfa-miR-25	1884.643	0.6931834	0.16261641	9.038235e-06	0.0003679853
cfa-miR-197	231.4705	-0.03531362	0.22040355	0.862594	0.9420943
cfa-miR-193b	51.53854	-0.7566217	0.38989726	0.009058211	0.04609982
cfa-miR-590	99.07299	0.4464027	0.2780402	0.06773511	0.182118
cfa-miR-339	345.3302	1.063442	0.21816043	1.460058e-07	1.387055e-05
cfa-miR-1842	27.62084	0.08580505	0.2018419	0.6504425	0.8202483
cfa-miR-137	1.314916	-0.2966644	0.46548894	0.2899598	0.4786686
cfa-miR-92b	69.67287	-0.922808	0.42310151	0.001571511	0.01451708
cfa-miR-350	7.692568	0.4384061	0.2948872	0.0847921	0.2119802
cfa-miR-29c	647.4691	0.09663997	0.16779961	0.5475838	0.7575795
cfa-miR-1843	1.417282	0.03482758	0.42583189	0.9046727	0.9584649
cfa-miR-181a	206.4465	-0.3199821	0.19132056	0.07662828	0.1990065
cfa-miR-181b	23.80592	-0.8806045	0.29982517	0.0006141941	0.008752266
cfa-miR-342	3.904393	-0.426742	0.36397237	0.1333513	0.2880177
cfa-miR-345	19.51318	-0.02105564	0.22811197	0.9201027	0.9584649
cfa-miR-127	5.074329	-0.5462243	0.44789005	0.05698518	0.1641977
cfa-miR-379	0.7454054	-0.04705884	0.53876217	0.8200252	NA
cfa-miR-411	3.534695	0.05590866	0.45616973	0.843959	0.9359079
cfa-miR-380	0.2915587	-0.05117481	0.58704897	0.5889417	NA
cfa-miR-323	1.054484	-0.4129525	0.52792389	0.0730448	NA
cfa-miR-329a	0.08768045	-0.03207045	0.58474359	0.7340445	NA
cfa-miR-543	0.2218321	-0.01656781	0.58372876	0.8605081	NA
cfa-miR-376a	8.38497	-0.5369645	0.40945016	0.06546032	0.178719
cfa-miR-487b	0.4001334	-0.02729408	0.56315954	0.8569455	NA
cfa-miR-485	5.683036	-0.437297	0.42975532	0.132155	0.2880177
cfa-miR-409	0.3054856	-0.05223179	0.58450087	0.5974631	NA
cfa-miR-369	0.2038253	-0.0410367	0.56591558	0.7755847	NA
cfa-miR-126	6860.181	-0.3570621	0.25597141	0.1205036	0.2722551
cfa-miR-212	0.02342309	-0.02558463	0.58423555	0.7862231	NA
cfa-miR-132	2.392837	0.2205819	0.4590625	0.4357137	0.6368123
cfa-miR-22	175.7065	-0.6118911	0.26584932	0.00969957	0.04629489
cfa-miR-144	3220.613	0.7459545	0.26592195	0.001619039	0.01451708
cfa-miR-193a	1650.493	-0.7721308	0.2887847	0.002082542	0.01695784
cfa-miR-142	6742.96	0.4222514	0.12267881	0.0004302493	0.00645374
cfa-miR-10a	810.7297	0.2032414	0.27253986	0.398875	0.59518
cfa-miR-152	0.6441073	0.0189679	0.53352846	0.9299465	NA
cfa-miR-338	3.802422	-0.8576465	0.37930169	0.002908292	0.02181219
cfa-miR-1844	5.250689	-0.5516799	0.39541581	0.05761322	0.1641977
cfa-miR-21	398.8125	-0.05081495	0.1938461	0.7810408	0.9048644
cfa-miR-423a	37385.19	-0.3523677	0.18567056	0.04527307	0.1372641
cfa-miR-652	1505.782	0.2128982	0.20737686	0.2719852	0.4586732
cfa-miR-224	15.51767	-0.5998581	0.33697279	0.02913645	0.1037986
cfa-miR-424	29.9168	-0.2927472	0.29356849	0.2483802	0.4342843
cfa-miR-503	51.18155	-0.3424522	0.26958002	0.1519248	0.3137576
cfa-miR-542	4.60233	0.1580737	0.38116557	0.5835974	0.7808698
cfa-miR-450b	2.340991	0.159135	0.44336546	0.5804123	0.7802713
cfa-miR-106a	0.06296464	-0.01120216	0.58353844	0.9053925	NA
cfa-miR-363	3.56687	-0.525602	0.40664939	0.07128339	0.189867
cfa-miR-361	821.6589	-0.08370131	0.0931289	0.3625772	0.5646695
cfa-miR-384	0.09118537	-0.01125208	0.58354046	0.9049719	NA
cfa-miR-374a	13.05954	0.6244364	0.24303003	0.004700703	0.02850426
cfa-miR-374b	20.06079	0.4588787	0.253129	0.04416564	0.1365863
cfa-miR-421	139.6472	0.3285755	0.15622579	0.02902929	0.1037986
cfa-miR-98	5875.418	0.412062	0.16803602	0.01043833	0.04813048
cfa-miR-221	36.34209	-0.3822052	0.24335862	0.08391632	0.2119802
cfa-miR-532	540.6899	-0.364047	0.23899194	0.0948981	0.229203
cfa-miR-500	1.651603	0.280667	0.43332873	0.3329416	0.5288309
cfa-miR-660	333.3303	-0.3677031	0.24457424	0.09765975	0.233891
cfa-miR-502	7.934816	0.04604682	0.30740138	0.8600546	0.9420943
cfa-miR-676	0.0804513	-0.01125208	0.58354046	0.9049719	NA
cfa-let-7j	12.81318	0.6335963	0.33882753	0.02155602	0.08415706
cfa-miR-20b	71.83206	0.2472766	0.16600363	0.1201983	0.2722551
cfa-miR-18b	17.92688	0.273437	0.25493495	0.2329845	0.4168596
cfa-miR-18a	250.8642	0.3815157	0.15296712	0.009746292	0.04629489
cfa-miR-133c	0.7141829	0.1361967	0.52402644	0.5542497	NA
cfa-miR-133a	1.643926	0.332504	0.4833277	0.2191073	0.4038532
cfa-miR-133b	0.9182413	0.1065114	0.50662738	0.6711783	NA
cfa-let-7b	36098.01	0.4855491	0.19874302	0.009353645	0.04629489
cfa-miR-10b	0.3884638	-0.08075005	0.52568953	0.7229923	NA
cfa-miR-153	0.1290808	0.0169232	0.58371931	0.8576272	NA
cfa-miR-182	5.763802	-0.6229068	0.34322138	0.02474256	0.09529229
cfa-miR-184	352.8819	-0.5388435	0.39541656	0.06367251	0.1779085
cfa-miR-187	10.23035	-0.9298112	0.40396602	0.001427171	0.01402564
cfa-miR-205	28.89883	-0.6859094	0.36944411	0.01639	0.06673073
cfa-miR-210	79.84794	-0.7085366	0.26463047	0.002655032	0.02045092
cfa-miR-214	8.336631	-0.5541094	0.40485207	0.05717418	0.1641977
cfa-miR-215	0.2787045	-0.06586633	0.58980895	0.4885901	NA
cfa-miR-216a	0.08335324	-0.01059615	0.58351454	0.9105003	NA
cfa-miR-217	3.884695	0.337548	0.46477678	0.2291625	0.4159956
cfa-miR-222	2.743104	-0.06367904	0.42001385	0.8269321	0.920608
cfa-miR-223	386.8136	-0.05401939	0.25626155	0.8144437	0.9119022
cfa-miR-301a	23.44653	-0.02251179	0.22757069	0.9144318	0.9584649
cfa-miR-301b	0.4180087	-0.1095197	0.56347143	0.4772672	NA
cfa-miR-489	2.456002	-0.2687522	0.48816194	0.3143469	0.5119363
cfa-miR-96	0.2936166	-0.1077075	0.56185409	0.4951716	NA
cfa-miR-33b	0.7453444	0.358507	0.47521675	0.1931995	NA
cfa-miR-145	73.73829	0.6214966	0.35226814	0.02680404	0.09920975
cfa-miR-200b	2.233194	-0.729902	0.47300939	0.009005394	0.04609982
cfa-miR-200a	2.899425	-0.3064357	0.45173763	0.2832923	0.4721538
cfa-miR-203	11.03382	-0.9334804	0.42264606	0.001388721	0.01402564
cfa-miR-208a	0.999368	0.1113579	0.51446237	0.6458681	NA
cfa-miR-208b	3.612335	0.8194133	0.63306248	0.001203004	0.01269837
cfa-miR-451	2815.75	0.9412939	0.19622913	3.494991e-07	2.052918e-05
cfa-miR-375	649.413	-0.8102731	0.32076	0.002481707	0.01964685
cfa-miR-190a	0.1516271	0.01206202	0.58210494	0.9014968	NA
cfa-miR-190b	1.117387	0.2063529	0.51553474	0.3925691	0.5888536
cfa-miR-147	10.19758	-0.1089391	0.36289849	0.7012744	0.8579656
cfa-miR-490	0.1747017	-0.03259319	0.58478532	0.7299179	NA
cfa-miR-211	0.3088756	-0.09501932	0.55324714	0.5931343	NA
cfa-miR-141	0.1277537	-0.006181157	0.58342587	0.9477051	NA
cfa-miR-95	24.29109	-0.03527889	0.31009109	0.8931177	0.9525356
cfa-miR-188	1.341367	-0.3983922	0.51441037	0.103324	0.2413716
cfa-miR-134	0.4011939	-0.1910792	0.54968099	0.3104116	NA
cfa-miR-149	7.2096	0.0262922	0.35650057	0.9257307	0.9584649
cfa-miR-299	0.7637206	-0.06701019	0.55310752	0.7060407	NA
cfa-miR-362	30.52533	0.06814316	0.41025236	0.8151349	0.9119022
cfa-miR-376b	2.08376	-0.4124198	0.51344916	0.09341372	0.2276716
cfa-miR-370	0.3499817	-0.1385078	0.57080207	0.3269812	NA
cfa-miR-381	19.56294	-0.4112579	0.40900229	0.158231	0.3198286
cfa-miR-340	223.6826	0.1588245	0.1756099	0.3428805	0.5369283
cfa-miR-330	1.026957	-0.4858165	0.50829902	0.05419044	NA
cfa-miR-326	2.382536	-0.2248485	0.41037804	0.4404353	0.6404289
cfa-miR-331	15.96073	0.6107668	0.38619969	0.03476111	0.1193604
cfa-miR-324	448.4029	0.2114374	0.20464175	0.2698304	0.457748
cfa-miR-325	0.1986242	-0.005838579	0.58341703	0.9506033	NA
cfa-miR-452	0.3695378	-0.02527825	0.56443047	0.8641922	NA
cfa-miR-483	0.6811302	-0.2604835	0.5699925	0.1134255	NA
cfa-miR-432	9.570957	-0.08474592	0.42279415	0.770937	0.8983695
cfa-miR-494	1.116327	-0.2141734	0.51257465	0.3815887	NA
cfa-miR-504	0.07149719	-0.01120216	0.58353844	0.9053925	NA
cfa-miR-505	859.26	0.2849209	0.17842457	0.09346519	0.2276716
cfa-miR-545	0.06471976	-0.0008181356	0.58337417	0.9930736	NA
cfa-miR-551a	0.07541446	0.0007212785	0.58337305	0.9938937	NA
cfa-miR-551b	0.1248536	-0.03764378	0.58528656	0.6902522	NA
cfa-miR-592	7.853922	0.8163045	0.35691512	0.00381813	0.02590874
cfa-miR-599	0.3133398	-0.07974055	0.56882519	0.5641461	NA
cfa-miR-615	0.3043327	-0.06737083	0.57611268	0.5701563	NA
cfa-miR-628	6.384131	-0.1490682	0.31781259	0.5757996	0.7802713
cfa-miR-671	11.58514	-0.140804	0.26826385	0.554381	0.7632782
cfa-miR-454	0.3276063	0.03835732	0.54572417	0.8428596	NA
cfa-miR-802	0.2156043	-0.06209784	0.57439233	0.610917	NA
cfa-miR-874	0.8855241	-0.006036476	0.48996716	0.9818661	NA
cfa-miR-875	0.2582641	-0.06761739	0.56626382	0.6391208	NA
cfa-miR-885	4.790286	-0.2033334	0.48869536	0.4456982	0.6447919
cfa-miR-665	0.09309878	-0.02078522	0.58393368	0.8255633	NA
cfa-miR-207	1.548551	-0.5073304	0.50209227	0.04924954	0.1477486
cfa-miR-761	0.1288473	-0.01120216	0.58353844	0.9053925	NA
cfa-miR-718	0.9414047	-0.2134436	0.5164333	0.3744706	NA
cfa-miR-1199-5p	0.1760801	-0.03887455	0.58540848	0.6807927	NA
cfa-miR-6529	1.21784	-0.02185355	0.46082309	0.9382867	0.9584649
cfa-miR-8789	0.03672999	-0.006181144	0.58342587	0.9477052	NA
cfa-miR-8790	0.569925	-0.08522509	0.54967507	0.6460527	NA
cfa-miR-8791a	0.6863168	-0.513211	0.50926727	0.04192268	NA
cfa-miR-8792	0.09184241	-0.02586796	0.5842517	0.7839341	NA
cfa-miR-8794	0.2204721	-0.03269731	0.58255742	0.7405746	NA
cfa-miR-8795	0.4410991	0.02691383	0.5447068	0.8905106	NA
cfa-miR-8796	0.2784346	-0.01919366	0.58082358	0.8492463	NA
cfa-miR-8798	0.1645739	-0.01125208	0.58354046	0.9049719	NA
cfa-miR-8799a	0.1867442	0.01692318	0.58371931	0.8576274	NA
cfa-miR-8800	0.09282554	0	0.5833774	1	NA
cfa-miR-8803	0.09078642	-0.006181157	0.58342587	0.9477051	NA
cfa-miR-8804	0.2818291	-0.04856037	0.5733917	0.6933999	NA
cfa-miR-8805	0.059609	-0.006181157	0.58342587	0.9477051	NA
cfa-miR-8806	0.06225042	-0.02667916	0.5843122	0.777336	NA
cfa-miR-8808	0.106012	-0.02667916	0.5843122	0.777336	NA
cfa-miR-8810	0.03825139	0	0.5833774	1	NA
cfa-miR-8818	0.1834062	0	0.5833774	1	NA
cfa-miR-8820	0.2470962	-0.03597476	0.55934363	0.824126	NA
cfa-miR-8824	0.1282529	-0.01859046	0.58143662	0.8517658	NA
cfa-miR-8799c	0.0447283	0	0.5833774	1	NA
cfa-miR-8827	0.1086219	-0.02702963	0.58433422	0.7745117	NA
cfa-miR-1249	11.36842	-0.3442949	0.38381409	0.233325	0.4168596
cfa-miR-8833	0.3219895	-0.07579499	0.5680059	0.5884574	NA
cfa-miR-8836	0.1642674	-0.02750087	0.58436343	0.7707241	NA
cfa-miR-8837	0.186775	-0.005838579	0.58341703	0.9506033	NA
cfa-miR-8839	0.2009281	-0.02130257	0.58396968	0.8212731	NA
cfa-miR-8840	0.09434621	-0.01627548	0.58372048	0.8629301	NA
cfa-miR-8843	0.4702744	-0.2118172	0.53214257	0.3336626	NA
cfa-miR-1301	112.0659	-0.07581098	0.15209607	0.6056237	0.7944899
cfa-miR-8799d	0.1867442	0.01692318	0.58371931	0.8576274	NA
cfa-miR-8849	0.05663898	0	0.5833774	1	NA
cfa-miR-8851	0.2008103	-0.03139972	0.57313567	0.7977633	NA
cfa-miR-8852	0.09282554	0	0.5833774	1	NA
cfa-miR-8853	0.07656421	-0.02667916	0.5843122	0.777336	NA
cfa-miR-8858	0.3273697	-0.1669499	0.53860654	0.422264	NA
cfa-miR-8859a	32.64345	-0.7221501	0.2930888	0.00436389	0.02850426
cfa-miR-8860	0.336279	0.006746496	0.56803056	0.9607273	NA
cfa-miR-1343	14.0184	0.747752	0.29845592	0.003535498	0.02519042
cfa-miR-8859b	11.9986	-0.2113256	0.27450563	0.3828397	0.5779368
cfa-miR-8865	11.13197	-0.4924542	0.33933024	0.07428308	0.1960248
cfa-miR-8869	0.07007431	-0.006181157	0.58342587	0.9477051	NA
cfa-miR-8872	0.2513971	0.02566746	0.56798692	0.8518805	NA
cfa-miR-2387	0.2298281	-0.02772031	0.57414269	0.8164216	NA
cfa-miR-8799e	0.2397163	0.0435701	0.56762394	0.7542122	NA
cfa-miR-8873a	0.06188369	0	0.5833774	1	NA
cfa-miR-8874	0.5095306	0.1123259	0.55334658	0.5280941	NA
cfa-miR-8875	0.09366722	-0.006181157	0.58342587	0.9477051	NA
cfa-miR-8877	0.08623078	0	0.5833774	1	NA
cfa-miR-7180	0.3400148	0.01986893	0.54667305	0.9173557	NA
cfa-miR-1185	1.674263	-0.449414	0.53915984	0.04246232	0.1329864
cfa-miR-8882	1.995664	-0.3161215	0.5238209	0.1735003	0.3390402
cfa-miR-8884	1.293156	-0.4637909	0.46379006	0.09922551	0.2356606
cfa-miR-889	2.16475	-0.7440661	0.47508259	0.007640079	0.04276367
cfa-miR-3958	0.3953526	-0.1401286	0.54988317	0.4517502	NA
cfa-miR-8885	0.08719736	-0.02667916	0.5843122	0.777336	NA
cfa-miR-8886	0.08719736	-0.02667916	0.5843122	0.777336	NA
cfa-miR-6516	0.128338	-0.01803748	0.56621993	0.8992767	NA
cfa-miR-8873b	0.1039857	0.003308119	0.58338492	0.9720004	NA
cfa-let-7d	83.15604	-0.5978222	0.18975624	0.0008621952	0.01087227
cfa-miR-8890	5.522326	-0.6304019	0.33308842	0.02109709	0.08350933
cfa-miR-8891	0.03513464	-0.02916009	0.58449943	0.7573108	NA
cfa-miR-769	1.156003	0.2692033	0.48371754	0.3190949	0.51362
cfa-miR-8893	0.1214811	0	0.5833774	1	NA
cfa-miR-8894	0.3293163	-0.04608839	0.58628887	0.6262214	NA
cfa-miR-8895	0.3047323	-0.02297947	0.58403681	0.8076177	NA
cfa-miR-8896	0.07396569	-0.01955384	0.58340907	0.8373375	NA
cfa-miR-8897	0.06944005	-0.0008181356	0.58337417	0.9930736	NA
cfa-miR-449b	0.1841122	-0.03207046	0.58474359	0.7340445	NA
cfa-miR-8900	0.06542012	-0.006181144	0.58342587	0.9477052	NA
cfa-miR-8901	0.04903423	-0.0008181356	0.58337417	0.9930736	NA
cfa-miR-8902	0.06132015	-0.01125208	0.58354046	0.9049719	NA
cfa-miR-1296	3.526568	0.5361585	0.4084917	0.06584384	0.178719
cfa-miR-8903	1.168685	-0.183671	0.52025798	0.4353929	0.6368123
cfa-miR-8908b	0.02342309	-0.02558463	0.58423555	0.7862231	NA
cfa-miR-8908d	1.104003	-0.126162	0.58173695	0.2986999	NA
cfa-miR-2483	0.0944339	-0.03207045	0.58474359	0.7340445	NA
cfa-miR-506	1.734096	-0.07183889	0.46322126	0.7984	0.9104098
cfa-miR-1468	0.2222215	-0.08981642	0.56939003	0.5146217	NA
cfa-miR-8904b	0.392389	-0.1826066	0.54663181	0.3462113	NA
cfa-miR-2114	0.06319093	-0.02720289	0.58434688	0.7731093	NA
cfa-miR-8908a-5p	1.310369	-0.3221054	0.4762301	0.2413025	0.4245137
cfa-miR-8908a-3p	0.07507303	-0.01080679	0.58352112	0.9087279	NA
cfa-miR-8791b	0.1879897	-0.04568107	0.58313567	0.6475711	NA
cfa-miR-8834b	0.3866603	-0.03350302	0.58395097	0.727427	NA
cfa-miR-8908c	0.2725524	-0.05649524	0.58470017	0.5704761	NA
cfa-miR-8906	300.7056	-1.246402	0.27938758	3.601611e-07	2.052918e-05
cfa-miR-8907	0.1428181	-0.04393974	0.58602302	0.6421643	NA
cfa-miR-8905	1.713446	-0.269717	0.52750061	0.2340264	0.4168596
acacacaaagugggagcacuuu	116.7972	-0.0968616	0.53091063	0.6598918	0.8284985
accagcagaggcuuggagcagg	78.75082	-0.5711732	0.33932924	0.03843526	0.1244778
agagagaguucaagaggg	24.75203	-0.458901	0.41406808	0.1154203	0.2674373
agcaggagccucgcaggagccu	33.16007	-0.1319192	0.35411819	0.6390724	0.8189249
aggaagguggggaugaag	29.56368	-0.2357463	0.55358828	0.2000665	0.3822367
aggacuguccaaccugagagug	535.4598	0.3409891	0.39270844	0.2400289	0.4245137
agggggcggggcgggguccg	4006.324	-0.9609485	0.40589619	0.0009886022	0.01127007
aguuuuuggguucugggg	76.24192	-1.052799	0.3365804	0.0001266549	0.002644597
aucccggggugcugugaccacc	6.049958	-0.01090408	0.56230862	0.9434095	0.9599808
auccuaagguuggacggucugg	60.71315	-0.8135836	0.37179789	0.004497421	0.02850426
auggggaguuuggcuggg	330.5768	-0.7110277	0.40912323	0.01474494	0.06143872
cacaaaagguguugguuu	10.0334	-0.1263732	0.55243548	0.4836862	0.6892528
cccggcgaggcgaagggugg	108.4405	0.1585974	0.46213879	0.5734838	0.7802713
cgggccgcguccccuuccccuc	26.08016	0.4346044	0.43305178	0.1339385	0.2880177
cggggggccggcggcggc	32.32949	-0.3714491	0.50199793	0.1472357	0.3085453
cugggggagcccugugggu	105.5042	-0.07187597	0.5474666	0.7053731	0.8579656
gaagugggguugugggaaa	106.313	-0.2721598	0.50006765	0.2905602	0.4786686
gcaugggugggucagugg	2751.612	-0.2377347	0.53837628	0.2571674	0.4441982
gcaugggugguucagcgg	2887.496	-0.1916336	0.5472382	0.3207872	0.51362
gcccgcgggggcgcgccgg	569.3282	-0.2380202	0.39276422	0.4121475	0.6117814
gcccugggaagaguucuca	13.73824	-0.07135762	0.56831391	0.6074854	0.7944899
gccgggguagcucagugguuga	30.74925	-0.06554055	0.57235619	0.6077151	0.7944899
gccugccugagggucggu	369.6472	-0.05142787	0.56526936	0.7249248	0.8754389
ggcuggguggcagaguggu	7.122073	-0.05992805	0.56643014	0.6758328	0.8338197
ggggcgcccgccgggagg	48.11848	-0.08535196	0.55017083	0.6436463	0.8189249
gguggguagguagaguau	13.84329	-0.2941204	0.52151092	0.2103537	0.3918354
gucuucgggacuggagua	50.92305	-0.01071255	0.5680383	0.9376846	0.9584649
uaaagcgucacaggcaaaucugg	7.669168	-0.03637836	0.53615734	0.8633603	0.9420943
uaauccuugcuaccugggugagagu	56.36556	-0.256067	0.38225462	0.3749171	0.5744698
uaggaggacguggggguc	3.732022	-0.04136667	0.58479968	0.6667097	0.8297479
uaggaguuaacaugugaguuga	21.41582	0.3223519	0.43140102	0.2666219	0.457748
ugaaaaagccacguguaagugg	8.919579	0.04536343	0.54598166	0.814172	0.9119022
ugagguaguaguuugugcugu	31651.37	0.1062955	0.52451471	0.6432808	0.8189249
ugcacagagaggauggcugg	32.98972	0.2795443	0.53326748	0.2011772	0.3822367
ugcggggcuagggcuaacagc	1154.885	-0.01545764	0.46833969	0.9558023	0.9659705
ugugccucggaggccucgugagc	26.46992	24.1415	2.33818439	3.551487e-25	1.012174e-22
uuaagagggacagucggg	7.522523	-0.08229219	0.5631794	0.5910947	0.7835442
uucagagcccuccuacaauguga	15.4714	0.0631492	0.51923797	0.7894155	0.9071911
uugggacugagacacggcc	20.88394	-0.2844021	0.53602359	0.1855039	0.3596504
uugggggucagaauaagggcu	18.15928	0.01333407	0.56684604	0.9244436	0.9584649
aagugggguugugggaaa	39.33193	-0.09964688	0.56877171	0.4778334	0.6843342
agagcauuggcccugggaagg	14.54392	0.03565378	0.53492497	0.8673529	0.9420943
aggacaguugggggcauu	23.47263	-0.4161265	0.50597681	0.1001753	0.23595
aggcuggguguggaagug	56.24318	-0.07450023	0.52702129	0.7415383	0.8842612
agugagaugggugaguggc	77.00825	-0.1466898	0.56074217	0.3685403	0.5677512
cgagggcuguggguuauuguuaa	3426.831	0.004109644	0.56724713	0.9764699	0.9799081
cugggggagcccuguggg	98.84992	-0.1847632	0.54726019	0.3377527	0.5318206
gaccucguggcgcaacgg	27.49236	0.09921154	0.53809499	0.633807	0.8189249
gagggugagucagggcca	36.45428	-0.5168862	0.51697962	0.03557515	0.1206442
ucugagcugccuuuuccuuuu	17.15828	0.06985891	0.51521411	0.7722826	0.8983695
ugagguaguaguuugugcuguu	13771.25	0.008807348	0.58265059	0.9269369	0.9584649
uuugggggucagaauaagggcu	43.68998	0.0898588	0.49862234	0.7281266	0.8755953
auagggacaguugggggca	171.9292	-0.05511492	0.56506703	0.7074453	0.8579656
cccagggccgaccgcgcaggu	6.625591	0.0851585	0.54262435	0.6700729	0.8303078
gcccugggaagaguucuc	16.73909	-0.1701367	0.53417568	0.429681	0.6345031
ggcgccggggcgcgcggg	16.05754	-0.07212902	0.55776787	0.6650319	0.8297479
ggggcggggaggcggggc	16.50701	0.0509431	0.5576106	0.7597022	0.8919974
uggacuggcgucccgagguca	24.49168	0.2672642	0.5423603	0.1911366	0.3680671
agcgugaaacuggcuuugggc	13.13953	-0.1797301	0.56559535	0.2521807	0.4382408
aucgaggcuagagucacgcuugg	10.61109	0.02521748	0.52156702	0.9139597	0.9584649
ggggcggggaggcggggcgg	31.40308	-0.2212415	0.5571909	0.2100885	0.3918354
gggggggccgggccgcca	0.9818062	-0.08087863	0.59379629	0.3978915	NA
ucugagcugccuuuuccuuu	8.952032	-0.02544559	0.56078029	0.8719932	0.9420943
ucugaggguuguggguuc	19.56812	-0.2243162	0.57005216	0.1546831	0.3151202
uucagagcccuccuacaaugu	8.685788	0.1392016	0.54939315	0.457125	0.6579829
agagagagagagagagag	14.69111	0.03675538	0.57453004	0.7573716	0.8919974
cacacaaagugggagcacuuu	32.17225	-0.01225558	0.56326568	0.9352864	0.9584649
caggauaggugggaggcu	13.56482	-0.01194736	0.56869614	0.9295157	0.9584649
ccgcgcggucucuggcucacc	11.57269	0.0478837	0.56758153	0.7313737	0.8758046
uggagcauguggcuuaauuc	13.33721	-0.08320809	0.56953522	0.5429716	0.754863
aaggcuggguguggaagug	28.98957	-0.2355958	0.57148043	0.1362196	0.2897208
ugcacagagaggauggcugggc	13.96068	-0.218658	0.57621269	0.1437221	0.3034133
aggauaggugggaggcuu	35.43921	-0.4641147	0.8171127	0.007530813	0.04276367
gcggcggcggcggcggcggcggcg	74.97242	-26.21085	2.94536199	3.396336e-19	4.839779e-17
