file	sample	phenotype	phenotype2
data/reads/SC10314111_S23_L001_R1_001.fastq.gz	Control_10314111	Control	Control
data/reads/SC10317082_S8_L001_R1_001.fastq.gz	Control_10317082	Control	Control
data/reads/SC10324116_S42_L001_R1_001.fastq.gz	Control_10324116	Control	Control
data/reads/SC10334619_S34_L001_R1_001.fastq.gz	Control_10334619	Control	Control
data/reads/SC10335852_S37_L001_R1_001.fastq.gz	Control_10335852	Control	Control
data/reads/SC10338316_S1_L001_R1_001.fastq.gz	Control_10338316	Control	Control
data/reads/SC10339215_S21_L001_R1_001.fastq.gz	Control_10339215	Control	Control
data/reads/SC10339998_S41_L001_R1_001.fastq.gz	Control_10339998	Control	Control
data/reads/SC10341251_S11_L001_R1_001.fastq.gz	BOAS_severe_10341251	BOAS_severe	BOAS
data/reads/SC10506620_S36_L001_R1_001.fastq.gz	Control_10506620	Control	Control
data/reads/SC10509147_S3_L001_R1_001.fastq.gz	BOAS_mild_10509147	BOAS_mild	BOAS
data/reads/SC10511642_S19_L001_R1_001.fastq.gz	BOAS_severe_10511642	BOAS_severe	BOAS
data/reads/SC10516670_S29_L001_R1_001.fastq.gz	BOAS_mild_10516670	BOAS_mild	BOAS
data/reads/SC10526659_S40_L001_R1_001.fastq.gz	Control_10526659	Control	Control
data/reads/SC10527154_S39_L001_R1_001.fastq.gz	BOAS_severe_10527154	BOAS_severe	BOAS
data/reads/SC10531707_S22_L001_R1_001.fastq.gz	Control_10531707	Control	Control
data/reads/SC10534541_S43_L001_R1_001.fastq.gz	Control_10534541	Control	Control
data/reads/SC10534983_S9_L001_R1_001.fastq.gz	BOAS_mild_10534983	BOAS_mild	BOAS
data/reads/SC10535209_S5_L001_R1_001.fastq.gz	BOAS_mild_10535209	BOAS_mild	BOAS
data/reads/SC10535695_S2_L001_R1_001.fastq.gz	Control_10535695	Control	Control
data/reads/SC10536398_S25_L001_R1_001.fastq.gz	BOAS_severe_10536398	BOAS_severe	BOAS
data/reads/SC10536556_S35_L001_R1_001.fastq.gz	BOAS_severe_10536556	BOAS_severe	BOAS
data/reads/SC10536826_S6_L001_R1_001.fastq.gz	BOAS_mild_10536826	BOAS_mild	BOAS
data/reads/SC10536902_S10_L001_R1_001.fastq.gz	BOAS_severe_10536902	BOAS_severe	BOAS
data/reads/SC10537010_S13_L001_R1_001.fastq.gz	BOAS_severe_10537010	BOAS_severe	BOAS
data/reads/SC10537769_S7_L001_R1_001.fastq.gz	BOAS_mild_10537769	BOAS_mild	BOAS
data/reads/SC10538146_S26_L001_R1_001.fastq.gz	BOAS_severe_10538146	BOAS_severe	BOAS
data/reads/SC10538239_S15_L001_R1_001.fastq.gz	BOAS_severe_10538239	BOAS_severe	BOAS
data/reads/SC10538347_S28_L001_R1_001.fastq.gz	BOAS_mild_10538347	BOAS_mild	BOAS
data/reads/SC10538507_S33_L001_R1_001.fastq.gz	BOAS_mild_10538507	BOAS_mild	BOAS
data/reads/SC10539019_S30_L001_R1_001.fastq.gz	BOAS_severe_10539019	BOAS_severe	BOAS
data/reads/SC10539157_S17_L001_R1_001.fastq.gz	BOAS_mild_10539157	BOAS_mild	BOAS
data/reads/SC10539285_S45_L001_R1_001.fastq.gz	BOAS_severe_10539285	BOAS_severe	BOAS
data/reads/SC10539336_S44_L001_R1_001.fastq.gz	Control_10539336	Control	Control
data/reads/SC10539371_S12_L001_R1_001.fastq.gz	BOAS_severe_10539371	BOAS_severe	BOAS
data/reads/SC10539382_S20_L001_R1_001.fastq.gz	BOAS_mild_10539382	BOAS_mild	BOAS
data/reads/SC10539885_S24_L001_R1_001.fastq.gz	BOAS_mild_10539885	BOAS_mild	BOAS
data/reads/SC10540539_S31_L001_R1_001.fastq.gz	BOAS_mild_10540539	BOAS_mild	BOAS
data/reads/SC10541950_S16_L001_R1_001.fastq.gz	BOAS_severe_10541950	BOAS_severe	BOAS
data/reads/SC10543018_S18_L001_R1_001.fastq.gz	Control_10543018	Control	Control
data/reads/SC10543025_S27_L001_R1_001.fastq.gz	BOAS_severe_10543025	BOAS_severe	BOAS
data/reads/SC10543865_S14_L001_R1_001.fastq.gz	BOAS_mild_10543865	BOAS_mild	BOAS
data/reads/SC10544803_S4_L001_R1_001.fastq.gz	BOAS_severe_10544803	BOAS_severe	BOAS
data/reads/SC10546601_S32_L001_R1_001.fastq.gz	BOAS_mild_10546601	BOAS_mild	BOAS
data/reads/SC10547058_S38_L001_R1_001.fastq.gz	BOAS_mild_10547058	BOAS_mild	BOAS
